{
	"code": 1,
	"msg": null,
	"data": [{
		"id": 1,
		"userid": 1,
		"goodsid": 1,
		"sendTime": "2022-10-06 10:30:05",
		"price": 101.0,
		"state": "2",
		"updateTime": "2022-10-08 11:40:34",
		"addressid": 1,
		"user": {
			"id": 1,
			"account": "hww",
			"sex": "0",
			"nickname": "户某人",
			"tel": "15393243535a",
			"idcard": "6224241998005651a",
			"password": "123456",
			"college": "网络空间安全学院a",
			"grade": "21级a",
			"roomnumb": "校内3号楼516a",
			"icon": "https://gimg2.baidu.com/image_search/src=http%3A%2F%2Fc-ssl.duitang.com%2Fuploads%2Fblog%2F202107%2F09%2F20210709142454_dc8dc.thumb.1000_0.jpeg&refer=http%3A%2F%2Fc-ssl.duitang.com&app=2002&size=f9999,10000&q=a80&n=0&g=0n&fmt=auto?sec=1667366231&t=f3680fb12f892a66c704ee8f6ab444ae"
		},
		"goods": {
			"name": "高级vip 5999床桌",
			"type": "二手甩卖",
			"price": 66.66,
			"status": "99新",
			"dealtypy": "送货上门",
			"sendUser": 1,
			"contactWay": "电话:15393243535",
			"sendTime": "2022-10-02 13:47:25",
			"updateTime": "2022-10-08 20:20:33",
			"id": 1,
			"imgs": "https://img11.360buyimg.com/n1/jfs/t1/79043/27/17420/123219/6139689aE667b8269/37971b91f2079637.jpg,https://img11.360buyimg.com/n1/jfs/t1/79043/27/17420/123219/6139689aE667b8269/37971b91f2079637.jpg,https://img11.360buyimg.com/n1/jfs/t1/79043/27/17420/123219/6139689aE667b8269/37971b91f2079637.jpg",
			"describes": "　说到桌子大家应该每天都会接触的吧，那么床桌大家知道是什么吗？床桌顾名思义就是在床上用的桌子，特别适合喜欢窝在床上的懒人使用，而且现在床桌的款式也多样，小了。",
			"icon": "https://img11.360buyimg.com/n1/jfs/t1/79043/27/17420/123219/6139689aE667b8269/37971b91f2079637.jpg",
			"manage": "1"
		},
		"address": {
			"id": 1,
			"name": "文源",
			"tel": "15393243535",
			"province": "甘肃省",
			"city": "定西市",
			"county": "会宁县",
			"detail": "中川大街12号",
			"isdefault": "1",
			"userid": 1
		}
	}, {
		"id": 2,
		"userid": 1,
		"goodsid": 2,
		"sendTime": "2022-10-06 10:55:29",
		"price": 2011.0,
		"state": "2",
		"updateTime": null,
		"addressid": null,
		"user": {
			"id": 1,
			"account": "hww",
			"sex": "0",
			"nickname": "户某人",
			"tel": "15393243535a",
			"idcard": "6224241998005651a",
			"password": "123456",
			"college": "网络空间安全学院a",
			"grade": "21级a",
			"roomnumb": "校内3号楼516a",
			"icon": "https://gimg2.baidu.com/image_search/src=http%3A%2F%2Fc-ssl.duitang.com%2Fuploads%2Fblog%2F202107%2F09%2F20210709142454_dc8dc.thumb.1000_0.jpeg&refer=http%3A%2F%2Fc-ssl.duitang.com&app=2002&size=f9999,10000&q=a80&n=0&g=0n&fmt=auto?sec=1667366231&t=f3680fb12f892a66c704ee8f6ab444ae"
		},
		"goods": {
			"name": "IPhone18 Pro Max",
			"type": "二手甩卖",
			"price": 8998.65,
			"status": "99新",
			"dealtypy": "送货上门",
			"sendUser": 1,
			"contactWay": "电话:15393243535",
			"sendTime": "2022-10-02 13:47:25",
			"updateTime": "2022-10-04 16:47:29",
			"id": 2,
			"imgs": "https://gimg2.baidu.com/image_search/src=http%3A%2F%2Finews.gtimg.com%2Fnewsapp_bt%2F0%2F14817745636%2F641&refer=http%3A%2F%2Finews.gtimg.com&app=2002&size=f9999,10000&q=a80&n=0&g=0n&fmt=auto?sec=1667293624&t=49c20199407f75cd48631b234b4c5120,https://gimg2.baidu.com/image_search/src=http%3A%2F%2Fx0.ifengimg.com%2Fucms%2F2022_04%2F88C6B3B3BEBC79D777EC3CE842BAAA4A00B8C27A_size57_w1600_h834.jpg&refer=http%3A%2F%2Fx0.ifengimg.com&app=2002&size=f9999,10000&q=a80&n=0&g=0n&fmt=auto?sec=1667293624&t=ebb23999c3a385affd4c6a2a4e24affe,https://gimg2.baidu.com/image_search/src=http%3A%2F%2Fp2.itc.cn%2Fimages01%2F20211021%2Fbd0046775b7646b6a464662462cbe4f2.jpeg&refer=http%3A%2F%2Fp2.itc.cn&app=2002&size=f9999,10000&q=a80&n=0&g=0n&fmt=auto?sec=1667293624&t=42a5fc77c09559507334acabc879068a,https://gimg2.baidu.com/image_search/src=http%3A%2F%2Fx0.ifengimg.com%2Fres%2F2022%2F923DB5441FF557C11624972B51AB8640F40AC0AB_size398_w600_h525.png&refer=http%3A%2F%2Fx0.ifengimg.com&app=2002&size=f9999,10000&q=a80&n=0&g=0n&fmt=auto?sec=1667293624&t=a848cdd095a75d361f161ec2cc79c73a",
			"describes": "特别新,学姐一手,学姐的鼻涕都在上面,喜欢从速了~~~",
			"icon": "https://gimg2.baidu.com/image_search/src=http%3A%2F%2Fimg1.mydrivers.com%2Fimg%2F20220427%2Fs_6e8c5ae92929495ba5d610d9eebd0bf0.png&refer=http%3A%2F%2Fimg1.mydrivers.com&app=2002&size=f9999,10000&q=a80&n=0&g=0n&fmt=auto?sec=1667293624&t=0291bdb8efa40bdf8ba",
			"manage": "2"
		},
		"address": null
	}, {
		"id": 3,
		"userid": 1,
		"goodsid": 2,
		"sendTime": "2022-10-06 10:58:46",
		"price": 301.0,
		"state": "4",
		"updateTime": "2022-10-08 20:33:47",
		"addressid": null,
		"user": {
			"id": 1,
			"account": "hww",
			"sex": "0",
			"nickname": "户某人",
			"tel": "15393243535a",
			"idcard": "6224241998005651a",
			"password": "123456",
			"college": "网络空间安全学院a",
			"grade": "21级a",
			"roomnumb": "校内3号楼516a",
			"icon": "https://gimg2.baidu.com/image_search/src=http%3A%2F%2Fc-ssl.duitang.com%2Fuploads%2Fblog%2F202107%2F09%2F20210709142454_dc8dc.thumb.1000_0.jpeg&refer=http%3A%2F%2Fc-ssl.duitang.com&app=2002&size=f9999,10000&q=a80&n=0&g=0n&fmt=auto?sec=1667366231&t=f3680fb12f892a66c704ee8f6ab444ae"
		},
		"goods": {
			"name": "IPhone18 Pro Max",
			"type": "二手甩卖",
			"price": 8998.65,
			"status": "99新",
			"dealtypy": "送货上门",
			"sendUser": 1,
			"contactWay": "电话:15393243535",
			"sendTime": "2022-10-02 13:47:25",
			"updateTime": "2022-10-04 16:47:29",
			"id": 2,
			"imgs": "https://gimg2.baidu.com/image_search/src=http%3A%2F%2Finews.gtimg.com%2Fnewsapp_bt%2F0%2F14817745636%2F641&refer=http%3A%2F%2Finews.gtimg.com&app=2002&size=f9999,10000&q=a80&n=0&g=0n&fmt=auto?sec=1667293624&t=49c20199407f75cd48631b234b4c5120,https://gimg2.baidu.com/image_search/src=http%3A%2F%2Fx0.ifengimg.com%2Fucms%2F2022_04%2F88C6B3B3BEBC79D777EC3CE842BAAA4A00B8C27A_size57_w1600_h834.jpg&refer=http%3A%2F%2Fx0.ifengimg.com&app=2002&size=f9999,10000&q=a80&n=0&g=0n&fmt=auto?sec=1667293624&t=ebb23999c3a385affd4c6a2a4e24affe,https://gimg2.baidu.com/image_search/src=http%3A%2F%2Fp2.itc.cn%2Fimages01%2F20211021%2Fbd0046775b7646b6a464662462cbe4f2.jpeg&refer=http%3A%2F%2Fp2.itc.cn&app=2002&size=f9999,10000&q=a80&n=0&g=0n&fmt=auto?sec=1667293624&t=42a5fc77c09559507334acabc879068a,https://gimg2.baidu.com/image_search/src=http%3A%2F%2Fx0.ifengimg.com%2Fres%2F2022%2F923DB5441FF557C11624972B51AB8640F40AC0AB_size398_w600_h525.png&refer=http%3A%2F%2Fx0.ifengimg.com&app=2002&size=f9999,10000&q=a80&n=0&g=0n&fmt=auto?sec=1667293624&t=a848cdd095a75d361f161ec2cc79c73a",
			"describes": "特别新,学姐一手,学姐的鼻涕都在上面,喜欢从速了~~~",
			"icon": "https://gimg2.baidu.com/image_search/src=http%3A%2F%2Fimg1.mydrivers.com%2Fimg%2F20220427%2Fs_6e8c5ae92929495ba5d610d9eebd0bf0.png&refer=http%3A%2F%2Fimg1.mydrivers.com&app=2002&size=f9999,10000&q=a80&n=0&g=0n&fmt=auto?sec=1667293624&t=0291bdb8efa40bdf8ba",
			"manage": "2"
		},
		"address": null
	}, {
		"id": 4,
		"userid": 1,
		"goodsid": 3,
		"sendTime": "2022-10-06 10:59:46",
		"price": 401.0,
		"state": "4",
		"updateTime": null,
		"addressid": null,
		"user": {
			"id": 1,
			"account": "hww",
			"sex": "0",
			"nickname": "户某人",
			"tel": "15393243535a",
			"idcard": "6224241998005651a",
			"password": "123456",
			"college": "网络空间安全学院a",
			"grade": "21级a",
			"roomnumb": "校内3号楼516a",
			"icon": "https://gimg2.baidu.com/image_search/src=http%3A%2F%2Fc-ssl.duitang.com%2Fuploads%2Fblog%2F202107%2F09%2F20210709142454_dc8dc.thumb.1000_0.jpeg&refer=http%3A%2F%2Fc-ssl.duitang.com&app=2002&size=f9999,10000&q=a80&n=0&g=0n&fmt=auto?sec=1667366231&t=f3680fb12f892a66c704ee8f6ab444ae"
		},
		"goods": {
			"name": "求购床桌",
			"type": "求购信息",
			"price": 66.66,
			"status": "99新",
			"dealtypy": "送货上门",
			"sendUser": 1,
			"contactWay": "电话:15393243535",
			"sendTime": "2022-10-02 13:47:25",
			"updateTime": "2022-10-04 16:34:25",
			"id": 3,
			"imgs": "https://img11.360buyimg.com/n1/jfs/t1/79043/27/17420/123219/6139689aE667b8269/37971b91f2079637.jpg",
			"describes": "特别新,学姐一手,学姐的鼻涕都在上面,喜欢从速了~~~",
			"icon": "https://img11.360buyimg.com/n1/jfs/t1/79043/27/17420/123219/6139689aE667b8269/37971b91f2079637.jpg",
			"manage": "3"
		},
		"address": null
	}, {
		"id": 5,
		"userid": 1,
		"goodsid": 4,
		"sendTime": "2022-10-06 11:00:44",
		"price": 302.0,
		"state": "4",
		"updateTime": "2022-10-12 22:17:42",
		"addressid": null,
		"user": {
			"id": 1,
			"account": "hww",
			"sex": "0",
			"nickname": "户某人",
			"tel": "15393243535a",
			"idcard": "6224241998005651a",
			"password": "123456",
			"college": "网络空间安全学院a",
			"grade": "21级a",
			"roomnumb": "校内3号楼516a",
			"icon": "https://gimg2.baidu.com/image_search/src=http%3A%2F%2Fc-ssl.duitang.com%2Fuploads%2Fblog%2F202107%2F09%2F20210709142454_dc8dc.thumb.1000_0.jpeg&refer=http%3A%2F%2Fc-ssl.duitang.com&app=2002&size=f9999,10000&q=a80&n=0&g=0n&fmt=auto?sec=1667366231&t=f3680fb12f892a66c704ee8f6ab444ae"
		},
		"goods": {
			"name": "二手笔记本",
			"type": "二手甩卖",
			"price": 5986.0,
			"status": "99新",
			"dealtypy": "送货上门",
			"sendUser": 1,
			"contactWay": "电话:15393243535",
			"sendTime": "2022-10-02 13:47:25",
			"updateTime": "2023-03-22 11:42:32",
			"id": 4,
			"imgs": "https://gimg2.baidu.com/image_search/src=http%3A%2F%2Farticle-fd.zol-img.com.cn%2Ft_s640x2000%2Fg6%2FM00%2F06%2F09%2FChMkKWFhaHGIQyYBAAFJKaI-Y3IAAUbIABA_VUAAUlB452.jpg&refer=http%3A%2F%2Farticle-fd.zol-img.com.cn&app=2002&size=f9999,10000&q=a80&n=0&g=0n&fmt=auto?sec=1667293805&t=39c1fb45cfb08f9127afca3348e7af04,https://gimg2.baidu.com/image_search/src=http%3A%2F%2Fimage.tianjimedia.com%2FuploadImages%2F2012%2F194%2FU546J52ET530_900X3B_11.jpg&refer=http%3A%2F%2Fimage.tianjimedia.com&app=2002&size=f9999,10000&q=a80&n=0&g=0n&fmt=auto?sec=1667293805&t=1cca0a3bec369b76eb9ec5a9c4971ebb,https://gimg2.baidu.com/image_search/src=http%3A%2F%2Fimg1.mydrivers.com%2Fimg%2F20170629%2F49adb57ef006400c8914b5054288c1db.jpg&refer=http%3A%2F%2Fimg1.mydrivers.com&app=2002&size=f9999,10000&q=a80&n=0&g=0n&fmt=auto?sec=1667293805&t=c42eab594abaa27f81af8e7aa46eaa13",
			"describes": "特别新,学姐一手,学姐的鼻涕都在上面,喜欢从速了~~~",
			"icon": "https://img1.baidu.com/it/u=1312439966,2685070697&fm=253&fmt=auto&app=120&f=PNG?w=835&h=500",
			"manage": "1"
		},
		"address": null
	}, {
		"id": 6,
		"userid": 1,
		"goodsid": 3,
		"sendTime": "2022-10-06 11:01:12",
		"price": 202.0,
		"state": "2",
		"updateTime": null,
		"addressid": null,
		"user": {
			"id": 1,
			"account": "hww",
			"sex": "0",
			"nickname": "户某人",
			"tel": "15393243535a",
			"idcard": "6224241998005651a",
			"password": "123456",
			"college": "网络空间安全学院a",
			"grade": "21级a",
			"roomnumb": "校内3号楼516a",
			"icon": "https://gimg2.baidu.com/image_search/src=http%3A%2F%2Fc-ssl.duitang.com%2Fuploads%2Fblog%2F202107%2F09%2F20210709142454_dc8dc.thumb.1000_0.jpeg&refer=http%3A%2F%2Fc-ssl.duitang.com&app=2002&size=f9999,10000&q=a80&n=0&g=0n&fmt=auto?sec=1667366231&t=f3680fb12f892a66c704ee8f6ab444ae"
		},
		"goods": {
			"name": "求购床桌",
			"type": "求购信息",
			"price": 66.66,
			"status": "99新",
			"dealtypy": "送货上门",
			"sendUser": 1,
			"contactWay": "电话:15393243535",
			"sendTime": "2022-10-02 13:47:25",
			"updateTime": "2022-10-04 16:34:25",
			"id": 3,
			"imgs": "https://img11.360buyimg.com/n1/jfs/t1/79043/27/17420/123219/6139689aE667b8269/37971b91f2079637.jpg",
			"describes": "特别新,学姐一手,学姐的鼻涕都在上面,喜欢从速了~~~",
			"icon": "https://img11.360buyimg.com/n1/jfs/t1/79043/27/17420/123219/6139689aE667b8269/37971b91f2079637.jpg",
			"manage": "3"
		},
		"address": null
	}, {
		"id": 7,
		"userid": 1,
		"goodsid": 1,
		"sendTime": "2022-10-06 11:01:44",
		"price": 102.0,
		"state": "2",
		"updateTime": "2022-10-08 15:03:17",
		"addressid": 2,
		"user": {
			"id": 1,
			"account": "hww",
			"sex": "0",
			"nickname": "户某人",
			"tel": "15393243535a",
			"idcard": "6224241998005651a",
			"password": "123456",
			"college": "网络空间安全学院a",
			"grade": "21级a",
			"roomnumb": "校内3号楼516a",
			"icon": "https://gimg2.baidu.com/image_search/src=http%3A%2F%2Fc-ssl.duitang.com%2Fuploads%2Fblog%2F202107%2F09%2F20210709142454_dc8dc.thumb.1000_0.jpeg&refer=http%3A%2F%2Fc-ssl.duitang.com&app=2002&size=f9999,10000&q=a80&n=0&g=0n&fmt=auto?sec=1667366231&t=f3680fb12f892a66c704ee8f6ab444ae"
		},
		"goods": {
			"name": "高级vip 5999床桌",
			"type": "二手甩卖",
			"price": 66.66,
			"status": "99新",
			"dealtypy": "送货上门",
			"sendUser": 1,
			"contactWay": "电话:15393243535",
			"sendTime": "2022-10-02 13:47:25",
			"updateTime": "2022-10-08 20:20:33",
			"id": 1,
			"imgs": "https://img11.360buyimg.com/n1/jfs/t1/79043/27/17420/123219/6139689aE667b8269/37971b91f2079637.jpg,https://img11.360buyimg.com/n1/jfs/t1/79043/27/17420/123219/6139689aE667b8269/37971b91f2079637.jpg,https://img11.360buyimg.com/n1/jfs/t1/79043/27/17420/123219/6139689aE667b8269/37971b91f2079637.jpg",
			"describes": "　说到桌子大家应该每天都会接触的吧，那么床桌大家知道是什么吗？床桌顾名思义就是在床上用的桌子，特别适合喜欢窝在床上的懒人使用，而且现在床桌的款式也多样，小了。",
			"icon": "https://img11.360buyimg.com/n1/jfs/t1/79043/27/17420/123219/6139689aE667b8269/37971b91f2079637.jpg",
			"manage": "1"
		},
		"address": {
			"id": 2,
			"name": "阿唐",
			"tel": "15789423175",
			"province": "甘肃省",
			"city": "陇南是",
			"county": "武都县",
			"detail": "会川街道54号",
			"isdefault": "0",
			"userid": 1
		}
	}, {
		"id": 8,
		"userid": 1,
		"goodsid": 2,
		"sendTime": "2022-10-06 11:01:57",
		"price": 402.0,
		"state": "4",
		"updateTime": null,
		"addressid": null,
		"user": {
			"id": 1,
			"account": "hww",
			"sex": "0",
			"nickname": "户某人",
			"tel": "15393243535a",
			"idcard": "6224241998005651a",
			"password": "123456",
			"college": "网络空间安全学院a",
			"grade": "21级a",
			"roomnumb": "校内3号楼516a",
			"icon": "https://gimg2.baidu.com/image_search/src=http%3A%2F%2Fc-ssl.duitang.com%2Fuploads%2Fblog%2F202107%2F09%2F20210709142454_dc8dc.thumb.1000_0.jpeg&refer=http%3A%2F%2Fc-ssl.duitang.com&app=2002&size=f9999,10000&q=a80&n=0&g=0n&fmt=auto?sec=1667366231&t=f3680fb12f892a66c704ee8f6ab444ae"
		},
		"goods": {
			"name": "IPhone18 Pro Max",
			"type": "二手甩卖",
			"price": 8998.65,
			"status": "99新",
			"dealtypy": "送货上门",
			"sendUser": 1,
			"contactWay": "电话:15393243535",
			"sendTime": "2022-10-02 13:47:25",
			"updateTime": "2022-10-04 16:47:29",
			"id": 2,
			"imgs": "https://gimg2.baidu.com/image_search/src=http%3A%2F%2Finews.gtimg.com%2Fnewsapp_bt%2F0%2F14817745636%2F641&refer=http%3A%2F%2Finews.gtimg.com&app=2002&size=f9999,10000&q=a80&n=0&g=0n&fmt=auto?sec=1667293624&t=49c20199407f75cd48631b234b4c5120,https://gimg2.baidu.com/image_search/src=http%3A%2F%2Fx0.ifengimg.com%2Fucms%2F2022_04%2F88C6B3B3BEBC79D777EC3CE842BAAA4A00B8C27A_size57_w1600_h834.jpg&refer=http%3A%2F%2Fx0.ifengimg.com&app=2002&size=f9999,10000&q=a80&n=0&g=0n&fmt=auto?sec=1667293624&t=ebb23999c3a385affd4c6a2a4e24affe,https://gimg2.baidu.com/image_search/src=http%3A%2F%2Fp2.itc.cn%2Fimages01%2F20211021%2Fbd0046775b7646b6a464662462cbe4f2.jpeg&refer=http%3A%2F%2Fp2.itc.cn&app=2002&size=f9999,10000&q=a80&n=0&g=0n&fmt=auto?sec=1667293624&t=42a5fc77c09559507334acabc879068a,https://gimg2.baidu.com/image_search/src=http%3A%2F%2Fx0.ifengimg.com%2Fres%2F2022%2F923DB5441FF557C11624972B51AB8640F40AC0AB_size398_w600_h525.png&refer=http%3A%2F%2Fx0.ifengimg.com&app=2002&size=f9999,10000&q=a80&n=0&g=0n&fmt=auto?sec=1667293624&t=a848cdd095a75d361f161ec2cc79c73a",
			"describes": "特别新,学姐一手,学姐的鼻涕都在上面,喜欢从速了~~~",
			"icon": "https://gimg2.baidu.com/image_search/src=http%3A%2F%2Fimg1.mydrivers.com%2Fimg%2F20220427%2Fs_6e8c5ae92929495ba5d610d9eebd0bf0.png&refer=http%3A%2F%2Fimg1.mydrivers.com&app=2002&size=f9999,10000&q=a80&n=0&g=0n&fmt=auto?sec=1667293624&t=0291bdb8efa40bdf8ba",
			"manage": "2"
		},
		"address": null
	}, {
		"id": 9,
		"userid": 1,
		"goodsid": 4,
		"sendTime": "2022-10-06 11:02:13",
		"price": 203.0,
		"state": "2",
		"updateTime": null,
		"addressid": null,
		"user": {
			"id": 1,
			"account": "hww",
			"sex": "0",
			"nickname": "户某人",
			"tel": "15393243535a",
			"idcard": "6224241998005651a",
			"password": "123456",
			"college": "网络空间安全学院a",
			"grade": "21级a",
			"roomnumb": "校内3号楼516a",
			"icon": "https://gimg2.baidu.com/image_search/src=http%3A%2F%2Fc-ssl.duitang.com%2Fuploads%2Fblog%2F202107%2F09%2F20210709142454_dc8dc.thumb.1000_0.jpeg&refer=http%3A%2F%2Fc-ssl.duitang.com&app=2002&size=f9999,10000&q=a80&n=0&g=0n&fmt=auto?sec=1667366231&t=f3680fb12f892a66c704ee8f6ab444ae"
		},
		"goods": {
			"name": "二手笔记本",
			"type": "二手甩卖",
			"price": 5986.0,
			"status": "99新",
			"dealtypy": "送货上门",
			"sendUser": 1,
			"contactWay": "电话:15393243535",
			"sendTime": "2022-10-02 13:47:25",
			"updateTime": "2023-03-22 11:42:32",
			"id": 4,
			"imgs": "https://gimg2.baidu.com/image_search/src=http%3A%2F%2Farticle-fd.zol-img.com.cn%2Ft_s640x2000%2Fg6%2FM00%2F06%2F09%2FChMkKWFhaHGIQyYBAAFJKaI-Y3IAAUbIABA_VUAAUlB452.jpg&refer=http%3A%2F%2Farticle-fd.zol-img.com.cn&app=2002&size=f9999,10000&q=a80&n=0&g=0n&fmt=auto?sec=1667293805&t=39c1fb45cfb08f9127afca3348e7af04,https://gimg2.baidu.com/image_search/src=http%3A%2F%2Fimage.tianjimedia.com%2FuploadImages%2F2012%2F194%2FU546J52ET530_900X3B_11.jpg&refer=http%3A%2F%2Fimage.tianjimedia.com&app=2002&size=f9999,10000&q=a80&n=0&g=0n&fmt=auto?sec=1667293805&t=1cca0a3bec369b76eb9ec5a9c4971ebb,https://gimg2.baidu.com/image_search/src=http%3A%2F%2Fimg1.mydrivers.com%2Fimg%2F20170629%2F49adb57ef006400c8914b5054288c1db.jpg&refer=http%3A%2F%2Fimg1.mydrivers.com&app=2002&size=f9999,10000&q=a80&n=0&g=0n&fmt=auto?sec=1667293805&t=c42eab594abaa27f81af8e7aa46eaa13",
			"describes": "特别新,学姐一手,学姐的鼻涕都在上面,喜欢从速了~~~",
			"icon": "https://img1.baidu.com/it/u=1312439966,2685070697&fm=253&fmt=auto&app=120&f=PNG?w=835&h=500",
			"manage": "1"
		},
		"address": null
	}, {
		"id": 10,
		"userid": 1,
		"goodsid": 1,
		"sendTime": "2022-10-06 18:21:05",
		"price": 66.66,
		"state": "2",
		"updateTime": "2022-10-08 17:11:44",
		"addressid": 2,
		"user": {
			"id": 1,
			"account": "hww",
			"sex": "0",
			"nickname": "户某人",
			"tel": "15393243535a",
			"idcard": "6224241998005651a",
			"password": "123456",
			"college": "网络空间安全学院a",
			"grade": "21级a",
			"roomnumb": "校内3号楼516a",
			"icon": "https://gimg2.baidu.com/image_search/src=http%3A%2F%2Fc-ssl.duitang.com%2Fuploads%2Fblog%2F202107%2F09%2F20210709142454_dc8dc.thumb.1000_0.jpeg&refer=http%3A%2F%2Fc-ssl.duitang.com&app=2002&size=f9999,10000&q=a80&n=0&g=0n&fmt=auto?sec=1667366231&t=f3680fb12f892a66c704ee8f6ab444ae"
		},
		"goods": {
			"name": "高级vip 5999床桌",
			"type": "二手甩卖",
			"price": 66.66,
			"status": "99新",
			"dealtypy": "送货上门",
			"sendUser": 1,
			"contactWay": "电话:15393243535",
			"sendTime": "2022-10-02 13:47:25",
			"updateTime": "2022-10-08 20:20:33",
			"id": 1,
			"imgs": "https://img11.360buyimg.com/n1/jfs/t1/79043/27/17420/123219/6139689aE667b8269/37971b91f2079637.jpg,https://img11.360buyimg.com/n1/jfs/t1/79043/27/17420/123219/6139689aE667b8269/37971b91f2079637.jpg,https://img11.360buyimg.com/n1/jfs/t1/79043/27/17420/123219/6139689aE667b8269/37971b91f2079637.jpg",
			"describes": "　说到桌子大家应该每天都会接触的吧，那么床桌大家知道是什么吗？床桌顾名思义就是在床上用的桌子，特别适合喜欢窝在床上的懒人使用，而且现在床桌的款式也多样，小了。",
			"icon": "https://img11.360buyimg.com/n1/jfs/t1/79043/27/17420/123219/6139689aE667b8269/37971b91f2079637.jpg",
			"manage": "1"
		},
		"address": {
			"id": 2,
			"name": "阿唐",
			"tel": "15789423175",
			"province": "甘肃省",
			"city": "陇南是",
			"county": "武都县",
			"detail": "会川街道54号",
			"isdefault": "0",
			"userid": 1
		}
	}, {
		"id": 11,
		"userid": 1,
		"goodsid": 1,
		"sendTime": "2022-10-08 11:48:05",
		"price": 66.66,
		"state": "2",
		"updateTime": "2022-10-08 11:48:48",
		"addressid": 2,
		"user": {
			"id": 1,
			"account": "hww",
			"sex": "0",
			"nickname": "户某人",
			"tel": "15393243535a",
			"idcard": "6224241998005651a",
			"password": "123456",
			"college": "网络空间安全学院a",
			"grade": "21级a",
			"roomnumb": "校内3号楼516a",
			"icon": "https://gimg2.baidu.com/image_search/src=http%3A%2F%2Fc-ssl.duitang.com%2Fuploads%2Fblog%2F202107%2F09%2F20210709142454_dc8dc.thumb.1000_0.jpeg&refer=http%3A%2F%2Fc-ssl.duitang.com&app=2002&size=f9999,10000&q=a80&n=0&g=0n&fmt=auto?sec=1667366231&t=f3680fb12f892a66c704ee8f6ab444ae"
		},
		"goods": {
			"name": "高级vip 5999床桌",
			"type": "二手甩卖",
			"price": 66.66,
			"status": "99新",
			"dealtypy": "送货上门",
			"sendUser": 1,
			"contactWay": "电话:15393243535",
			"sendTime": "2022-10-02 13:47:25",
			"updateTime": "2022-10-08 20:20:33",
			"id": 1,
			"imgs": "https://img11.360buyimg.com/n1/jfs/t1/79043/27/17420/123219/6139689aE667b8269/37971b91f2079637.jpg,https://img11.360buyimg.com/n1/jfs/t1/79043/27/17420/123219/6139689aE667b8269/37971b91f2079637.jpg,https://img11.360buyimg.com/n1/jfs/t1/79043/27/17420/123219/6139689aE667b8269/37971b91f2079637.jpg",
			"describes": "　说到桌子大家应该每天都会接触的吧，那么床桌大家知道是什么吗？床桌顾名思义就是在床上用的桌子，特别适合喜欢窝在床上的懒人使用，而且现在床桌的款式也多样，小了。",
			"icon": "https://img11.360buyimg.com/n1/jfs/t1/79043/27/17420/123219/6139689aE667b8269/37971b91f2079637.jpg",
			"manage": "1"
		},
		"address": {
			"id": 2,
			"name": "阿唐",
			"tel": "15789423175",
			"province": "甘肃省",
			"city": "陇南是",
			"county": "武都县",
			"detail": "会川街道54号",
			"isdefault": "0",
			"userid": 1
		}
	}, {
		"id": 12,
		"userid": 1,
		"goodsid": 2,
		"sendTime": "2022-10-08 15:02:29",
		"price": 8998.65,
		"state": "2",
		"updateTime": "2022-10-12 22:17:23",
		"addressid": null,
		"user": {
			"id": 1,
			"account": "hww",
			"sex": "0",
			"nickname": "户某人",
			"tel": "15393243535a",
			"idcard": "6224241998005651a",
			"password": "123456",
			"college": "网络空间安全学院a",
			"grade": "21级a",
			"roomnumb": "校内3号楼516a",
			"icon": "https://gimg2.baidu.com/image_search/src=http%3A%2F%2Fc-ssl.duitang.com%2Fuploads%2Fblog%2F202107%2F09%2F20210709142454_dc8dc.thumb.1000_0.jpeg&refer=http%3A%2F%2Fc-ssl.duitang.com&app=2002&size=f9999,10000&q=a80&n=0&g=0n&fmt=auto?sec=1667366231&t=f3680fb12f892a66c704ee8f6ab444ae"
		},
		"goods": {
			"name": "IPhone18 Pro Max",
			"type": "二手甩卖",
			"price": 8998.65,
			"status": "99新",
			"dealtypy": "送货上门",
			"sendUser": 1,
			"contactWay": "电话:15393243535",
			"sendTime": "2022-10-02 13:47:25",
			"updateTime": "2022-10-04 16:47:29",
			"id": 2,
			"imgs": "https://gimg2.baidu.com/image_search/src=http%3A%2F%2Finews.gtimg.com%2Fnewsapp_bt%2F0%2F14817745636%2F641&refer=http%3A%2F%2Finews.gtimg.com&app=2002&size=f9999,10000&q=a80&n=0&g=0n&fmt=auto?sec=1667293624&t=49c20199407f75cd48631b234b4c5120,https://gimg2.baidu.com/image_search/src=http%3A%2F%2Fx0.ifengimg.com%2Fucms%2F2022_04%2F88C6B3B3BEBC79D777EC3CE842BAAA4A00B8C27A_size57_w1600_h834.jpg&refer=http%3A%2F%2Fx0.ifengimg.com&app=2002&size=f9999,10000&q=a80&n=0&g=0n&fmt=auto?sec=1667293624&t=ebb23999c3a385affd4c6a2a4e24affe,https://gimg2.baidu.com/image_search/src=http%3A%2F%2Fp2.itc.cn%2Fimages01%2F20211021%2Fbd0046775b7646b6a464662462cbe4f2.jpeg&refer=http%3A%2F%2Fp2.itc.cn&app=2002&size=f9999,10000&q=a80&n=0&g=0n&fmt=auto?sec=1667293624&t=42a5fc77c09559507334acabc879068a,https://gimg2.baidu.com/image_search/src=http%3A%2F%2Fx0.ifengimg.com%2Fres%2F2022%2F923DB5441FF557C11624972B51AB8640F40AC0AB_size398_w600_h525.png&refer=http%3A%2F%2Fx0.ifengimg.com&app=2002&size=f9999,10000&q=a80&n=0&g=0n&fmt=auto?sec=1667293624&t=a848cdd095a75d361f161ec2cc79c73a",
			"describes": "特别新,学姐一手,学姐的鼻涕都在上面,喜欢从速了~~~",
			"icon": "https://gimg2.baidu.com/image_search/src=http%3A%2F%2Fimg1.mydrivers.com%2Fimg%2F20220427%2Fs_6e8c5ae92929495ba5d610d9eebd0bf0.png&refer=http%3A%2F%2Fimg1.mydrivers.com&app=2002&size=f9999,10000&q=a80&n=0&g=0n&fmt=auto?sec=1667293624&t=0291bdb8efa40bdf8ba",
			"manage": "2"
		},
		"address": null
	}, {
		"id": 13,
		"userid": 1,
		"goodsid": 4,
		"sendTime": "2022-10-08 17:06:58",
		"price": 5986.0,
		"state": "2",
		"updateTime": "2022-10-08 20:33:11",
		"addressid": 24,
		"user": {
			"id": 1,
			"account": "hww",
			"sex": "0",
			"nickname": "户某人",
			"tel": "15393243535a",
			"idcard": "6224241998005651a",
			"password": "123456",
			"college": "网络空间安全学院a",
			"grade": "21级a",
			"roomnumb": "校内3号楼516a",
			"icon": "https://gimg2.baidu.com/image_search/src=http%3A%2F%2Fc-ssl.duitang.com%2Fuploads%2Fblog%2F202107%2F09%2F20210709142454_dc8dc.thumb.1000_0.jpeg&refer=http%3A%2F%2Fc-ssl.duitang.com&app=2002&size=f9999,10000&q=a80&n=0&g=0n&fmt=auto?sec=1667366231&t=f3680fb12f892a66c704ee8f6ab444ae"
		},
		"goods": {
			"name": "二手笔记本",
			"type": "二手甩卖",
			"price": 5986.0,
			"status": "99新",
			"dealtypy": "送货上门",
			"sendUser": 1,
			"contactWay": "电话:15393243535",
			"sendTime": "2022-10-02 13:47:25",
			"updateTime": "2023-03-22 11:42:32",
			"id": 4,
			"imgs": "https://gimg2.baidu.com/image_search/src=http%3A%2F%2Farticle-fd.zol-img.com.cn%2Ft_s640x2000%2Fg6%2FM00%2F06%2F09%2FChMkKWFhaHGIQyYBAAFJKaI-Y3IAAUbIABA_VUAAUlB452.jpg&refer=http%3A%2F%2Farticle-fd.zol-img.com.cn&app=2002&size=f9999,10000&q=a80&n=0&g=0n&fmt=auto?sec=1667293805&t=39c1fb45cfb08f9127afca3348e7af04,https://gimg2.baidu.com/image_search/src=http%3A%2F%2Fimage.tianjimedia.com%2FuploadImages%2F2012%2F194%2FU546J52ET530_900X3B_11.jpg&refer=http%3A%2F%2Fimage.tianjimedia.com&app=2002&size=f9999,10000&q=a80&n=0&g=0n&fmt=auto?sec=1667293805&t=1cca0a3bec369b76eb9ec5a9c4971ebb,https://gimg2.baidu.com/image_search/src=http%3A%2F%2Fimg1.mydrivers.com%2Fimg%2F20170629%2F49adb57ef006400c8914b5054288c1db.jpg&refer=http%3A%2F%2Fimg1.mydrivers.com&app=2002&size=f9999,10000&q=a80&n=0&g=0n&fmt=auto?sec=1667293805&t=c42eab594abaa27f81af8e7aa46eaa13",
			"describes": "特别新,学姐一手,学姐的鼻涕都在上面,喜欢从速了~~~",
			"icon": "https://img1.baidu.com/it/u=1312439966,2685070697&fm=253&fmt=auto&app=120&f=PNG?w=835&h=500",
			"manage": "1"
		},
		"address": {
			"id": 24,
			"name": "王师傅",
			"tel": "15393243535",
			"province": "山西省",
			"city": "太原市",
			"county": "小店区",
			"detail": "电话联系",
			"isdefault": "0",
			"userid": 1
		}
	}, {
		"id": 14,
		"userid": 1,
		"goodsid": 8,
		"sendTime": "2022-10-08 17:09:13",
		"price": 220.0,
		"state": "2",
		"updateTime": "2022-10-12 22:19:08",
		"addressid": null,
		"user": {
			"id": 1,
			"account": "hww",
			"sex": "0",
			"nickname": "户某人",
			"tel": "15393243535a",
			"idcard": "6224241998005651a",
			"password": "123456",
			"college": "网络空间安全学院a",
			"grade": "21级a",
			"roomnumb": "校内3号楼516a",
			"icon": "https://gimg2.baidu.com/image_search/src=http%3A%2F%2Fc-ssl.duitang.com%2Fuploads%2Fblog%2F202107%2F09%2F20210709142454_dc8dc.thumb.1000_0.jpeg&refer=http%3A%2F%2Fc-ssl.duitang.com&app=2002&size=f9999,10000&q=a80&n=0&g=0n&fmt=auto?sec=1667366231&t=f3680fb12f892a66c704ee8f6ab444ae"
		},
		"goods": {
			"name": "皮箱",
			"type": "求购信息",
			"price": 220.0,
			"status": "99新",
			"dealtypy": "卖家送货上门",
			"sendUser": 1,
			"contactWay": "15393243535",
			"sendTime": "2022-10-03 16:17:37",
			"updateTime": "2022-10-03 16:17:37",
			"id": 8,
			"imgs": "https://img2.baidu.com/it/u=2451529037,2734351652&fm=253&fmt=auto&app=138&f=JPEG?w=500&h=500",
			"describes": "箱子整体要好",
			"icon": "https://img2.baidu.com/it/u=2451529037,2734351652&fm=253&fmt=auto&app=138&f=JPEG?w=500&h=500",
			"manage": "0"
		},
		"address": null
	}, {
		"id": 15,
		"userid": 1,
		"goodsid": 7,
		"sendTime": "2022-10-08 17:11:16",
		"price": 520.0,
		"state": "2",
		"updateTime": "2022-10-12 22:20:18",
		"addressid": null,
		"user": {
			"id": 1,
			"account": "hww",
			"sex": "0",
			"nickname": "户某人",
			"tel": "15393243535a",
			"idcard": "6224241998005651a",
			"password": "123456",
			"college": "网络空间安全学院a",
			"grade": "21级a",
			"roomnumb": "校内3号楼516a",
			"icon": "https://gimg2.baidu.com/image_search/src=http%3A%2F%2Fc-ssl.duitang.com%2Fuploads%2Fblog%2F202107%2F09%2F20210709142454_dc8dc.thumb.1000_0.jpeg&refer=http%3A%2F%2Fc-ssl.duitang.com&app=2002&size=f9999,10000&q=a80&n=0&g=0n&fmt=auto?sec=1667366231&t=f3680fb12f892a66c704ee8f6ab444ae"
		},
		"goods": {
			"name": "耳机",
			"type": "二手甩卖",
			"price": 520.0,
			"status": "99新",
			"dealtypy": "线下见面交易",
			"sendUser": 1,
			"contactWay": "15393243535",
			"sendTime": "2022-10-03 16:14:50",
			"updateTime": "2022-10-03 16:14:50",
			"id": 7,
			"imgs": "https://gimg2.baidu.com/image_search/src=http%3A%2F%2Fassets.puxiang.com%2Fuploads%2Fphoto%2Fimage%2F1755555%2F05a50979f80bd0f7d5e4f954c8d35e4b.jpg&refer=http%3A%2F%2Fassets.puxiang.com&app=2002&size=f9999,10000&q=a80&n=0&g=0n&fmt=auto?sec=1667479835&t=260871b42b93a934aa28d5d9f167ea81",
			"describes": "只用了几次",
			"icon": "https://gimg2.baidu.com/image_search/src=http%3A%2F%2Fassets.puxiang.com%2Fuploads%2Fphoto%2Fimage%2F1755555%2F05a50979f80bd0f7d5e4f954c8d35e4b.jpg&refer=http%3A%2F%2Fassets.puxiang.com&app=2002&size=f9999,10000&q=a80&n=0&g=0n&fmt=auto?sec=1667479835&t=260871b42b93a934aa28d5d9f167ea81",
			"manage": "0"
		},
		"address": null
	}, {
		"id": 16,
		"userid": 1,
		"goodsid": 1,
		"sendTime": "2022-10-08 20:32:26",
		"price": 66.66,
		"state": "2",
		"updateTime": "2022-10-12 22:19:14",
		"addressid": null,
		"user": {
			"id": 1,
			"account": "hww",
			"sex": "0",
			"nickname": "户某人",
			"tel": "15393243535a",
			"idcard": "6224241998005651a",
			"password": "123456",
			"college": "网络空间安全学院a",
			"grade": "21级a",
			"roomnumb": "校内3号楼516a",
			"icon": "https://gimg2.baidu.com/image_search/src=http%3A%2F%2Fc-ssl.duitang.com%2Fuploads%2Fblog%2F202107%2F09%2F20210709142454_dc8dc.thumb.1000_0.jpeg&refer=http%3A%2F%2Fc-ssl.duitang.com&app=2002&size=f9999,10000&q=a80&n=0&g=0n&fmt=auto?sec=1667366231&t=f3680fb12f892a66c704ee8f6ab444ae"
		},
		"goods": {
			"name": "高级vip 5999床桌",
			"type": "二手甩卖",
			"price": 66.66,
			"status": "99新",
			"dealtypy": "送货上门",
			"sendUser": 1,
			"contactWay": "电话:15393243535",
			"sendTime": "2022-10-02 13:47:25",
			"updateTime": "2022-10-08 20:20:33",
			"id": 1,
			"imgs": "https://img11.360buyimg.com/n1/jfs/t1/79043/27/17420/123219/6139689aE667b8269/37971b91f2079637.jpg,https://img11.360buyimg.com/n1/jfs/t1/79043/27/17420/123219/6139689aE667b8269/37971b91f2079637.jpg,https://img11.360buyimg.com/n1/jfs/t1/79043/27/17420/123219/6139689aE667b8269/37971b91f2079637.jpg",
			"describes": "　说到桌子大家应该每天都会接触的吧，那么床桌大家知道是什么吗？床桌顾名思义就是在床上用的桌子，特别适合喜欢窝在床上的懒人使用，而且现在床桌的款式也多样，小了。",
			"icon": "https://img11.360buyimg.com/n1/jfs/t1/79043/27/17420/123219/6139689aE667b8269/37971b91f2079637.jpg",
			"manage": "1"
		},
		"address": null
	}, {
		"id": 17,
		"userid": 1,
		"goodsid": 1,
		"sendTime": "2022-10-12 22:16:02",
		"price": 66.66,
		"state": "2",
		"updateTime": "2022-10-13 22:11:14",
		"addressid": null,
		"user": {
			"id": 1,
			"account": "hww",
			"sex": "0",
			"nickname": "户某人",
			"tel": "15393243535a",
			"idcard": "6224241998005651a",
			"password": "123456",
			"college": "网络空间安全学院a",
			"grade": "21级a",
			"roomnumb": "校内3号楼516a",
			"icon": "https://gimg2.baidu.com/image_search/src=http%3A%2F%2Fc-ssl.duitang.com%2Fuploads%2Fblog%2F202107%2F09%2F20210709142454_dc8dc.thumb.1000_0.jpeg&refer=http%3A%2F%2Fc-ssl.duitang.com&app=2002&size=f9999,10000&q=a80&n=0&g=0n&fmt=auto?sec=1667366231&t=f3680fb12f892a66c704ee8f6ab444ae"
		},
		"goods": {
			"name": "高级vip 5999床桌",
			"type": "二手甩卖",
			"price": 66.66,
			"status": "99新",
			"dealtypy": "送货上门",
			"sendUser": 1,
			"contactWay": "电话:15393243535",
			"sendTime": "2022-10-02 13:47:25",
			"updateTime": "2022-10-08 20:20:33",
			"id": 1,
			"imgs": "https://img11.360buyimg.com/n1/jfs/t1/79043/27/17420/123219/6139689aE667b8269/37971b91f2079637.jpg,https://img11.360buyimg.com/n1/jfs/t1/79043/27/17420/123219/6139689aE667b8269/37971b91f2079637.jpg,https://img11.360buyimg.com/n1/jfs/t1/79043/27/17420/123219/6139689aE667b8269/37971b91f2079637.jpg",
			"describes": "　说到桌子大家应该每天都会接触的吧，那么床桌大家知道是什么吗？床桌顾名思义就是在床上用的桌子，特别适合喜欢窝在床上的懒人使用，而且现在床桌的款式也多样，小了。",
			"icon": "https://img11.360buyimg.com/n1/jfs/t1/79043/27/17420/123219/6139689aE667b8269/37971b91f2079637.jpg",
			"manage": "1"
		},
		"address": null
	}, {
		"id": 18,
		"userid": 1,
		"goodsid": 2,
		"sendTime": "2022-10-12 22:20:07",
		"price": 8998.65,
		"state": "2",
		"updateTime": "2023-03-03 11:46:57",
		"addressid": 27,
		"user": {
			"id": 1,
			"account": "hww",
			"sex": "0",
			"nickname": "户某人",
			"tel": "15393243535a",
			"idcard": "6224241998005651a",
			"password": "123456",
			"college": "网络空间安全学院a",
			"grade": "21级a",
			"roomnumb": "校内3号楼516a",
			"icon": "https://gimg2.baidu.com/image_search/src=http%3A%2F%2Fc-ssl.duitang.com%2Fuploads%2Fblog%2F202107%2F09%2F20210709142454_dc8dc.thumb.1000_0.jpeg&refer=http%3A%2F%2Fc-ssl.duitang.com&app=2002&size=f9999,10000&q=a80&n=0&g=0n&fmt=auto?sec=1667366231&t=f3680fb12f892a66c704ee8f6ab444ae"
		},
		"goods": {
			"name": "IPhone18 Pro Max",
			"type": "二手甩卖",
			"price": 8998.65,
			"status": "99新",
			"dealtypy": "送货上门",
			"sendUser": 1,
			"contactWay": "电话:15393243535",
			"sendTime": "2022-10-02 13:47:25",
			"updateTime": "2022-10-04 16:47:29",
			"id": 2,
			"imgs": "https://gimg2.baidu.com/image_search/src=http%3A%2F%2Finews.gtimg.com%2Fnewsapp_bt%2F0%2F14817745636%2F641&refer=http%3A%2F%2Finews.gtimg.com&app=2002&size=f9999,10000&q=a80&n=0&g=0n&fmt=auto?sec=1667293624&t=49c20199407f75cd48631b234b4c5120,https://gimg2.baidu.com/image_search/src=http%3A%2F%2Fx0.ifengimg.com%2Fucms%2F2022_04%2F88C6B3B3BEBC79D777EC3CE842BAAA4A00B8C27A_size57_w1600_h834.jpg&refer=http%3A%2F%2Fx0.ifengimg.com&app=2002&size=f9999,10000&q=a80&n=0&g=0n&fmt=auto?sec=1667293624&t=ebb23999c3a385affd4c6a2a4e24affe,https://gimg2.baidu.com/image_search/src=http%3A%2F%2Fp2.itc.cn%2Fimages01%2F20211021%2Fbd0046775b7646b6a464662462cbe4f2.jpeg&refer=http%3A%2F%2Fp2.itc.cn&app=2002&size=f9999,10000&q=a80&n=0&g=0n&fmt=auto?sec=1667293624&t=42a5fc77c09559507334acabc879068a,https://gimg2.baidu.com/image_search/src=http%3A%2F%2Fx0.ifengimg.com%2Fres%2F2022%2F923DB5441FF557C11624972B51AB8640F40AC0AB_size398_w600_h525.png&refer=http%3A%2F%2Fx0.ifengimg.com&app=2002&size=f9999,10000&q=a80&n=0&g=0n&fmt=auto?sec=1667293624&t=a848cdd095a75d361f161ec2cc79c73a",
			"describes": "特别新,学姐一手,学姐的鼻涕都在上面,喜欢从速了~~~",
			"icon": "https://gimg2.baidu.com/image_search/src=http%3A%2F%2Fimg1.mydrivers.com%2Fimg%2F20220427%2Fs_6e8c5ae92929495ba5d610d9eebd0bf0.png&refer=http%3A%2F%2Fimg1.mydrivers.com&app=2002&size=f9999,10000&q=a80&n=0&g=0n&fmt=auto?sec=1667293624&t=0291bdb8efa40bdf8ba",
			"manage": "2"
		},
		"address": {
			"id": 27,
			"name": "网三叁",
			"tel": "13735773555",
			"province": "山东省",
			"city": "菏泽市",
			"county": "曹县",
			"detail": "我累宝贝",
			"isdefault": "0",
			"userid": 1
		}
	}, {
		"id": 19,
		"userid": 1,
		"goodsid": 22,
		"sendTime": "2023-03-03 11:46:33",
		"price": 300.0,
		"state": "2",
		"updateTime": "2023-03-03 12:22:41",
		"addressid": null,
		"user": {
			"id": 1,
			"account": "hww",
			"sex": "0",
			"nickname": "户某人",
			"tel": "15393243535a",
			"idcard": "6224241998005651a",
			"password": "123456",
			"college": "网络空间安全学院a",
			"grade": "21级a",
			"roomnumb": "校内3号楼516a",
			"icon": "https://gimg2.baidu.com/image_search/src=http%3A%2F%2Fc-ssl.duitang.com%2Fuploads%2Fblog%2F202107%2F09%2F20210709142454_dc8dc.thumb.1000_0.jpeg&refer=http%3A%2F%2Fc-ssl.duitang.com&app=2002&size=f9999,10000&q=a80&n=0&g=0n&fmt=auto?sec=1667366231&t=f3680fb12f892a66c704ee8f6ab444ae"
		},
		"goods": {
			"name": "吉他",
			"type": "二手甩卖",
			"price": 300.0,
			"status": "99新",
			"dealtypy": "卖家送货上门",
			"sendUser": 14,
			"contactWay": "1831077254",
			"sendTime": "2022-10-13 22:31:36",
			"updateTime": "2023-03-22 11:43:11",
			"id": 22,
			"imgs": "http://qungz.photo.store.qq.com/qun-qungz/nqHWRDmIVlWUjUCCXVO9EA!!/V5bCQA2NTgxNDE3NjP1atBgLUZSJA!!/800?w5=1600&h5=2133&rf=viewer_421/http://qungz.photo.store.qq.com/qun-qungz/nqHWRDmIVlWUjUCCXVO9EA!!/V5bCQA2NTgxNDE3NjP0atBgFDZTJA!!/800?w5=1600&h5=2133&rf=viewer_421/http://qungz.photo.store.qq.com/qun-qungz/nqHWRDmIVlWUjUCCXVO9EA!!/V5bCQA2NTgxNDE3NjPzatBgKSZSJA!!/800?w5=1600&h5=2133&rf=viewer_421",
			"describes": "吉他，带一本吉他教材。是大一的时候从吉他社买的，当时零售价900，实际团购价600现在300出，放了好久了吃灰",
			"icon": "  https://gimg2.baidu.com/image_search/src=http%3A%2F%2Fsafe-img.xhscdn.com%2Fbw1%2Fa4c54cff-5359-47c5-a91b-ec43eca91410%3FimageView2%2F2%2Fw%2F1080%2Fformat%2Fjpg&refer=http%3A%2F%2Fsafe-img.xhscdn.com&app=2002&size=f9999,10000&q=a80&n=0&g=0n&fmt=auto?sec=1681354558&t=f6bcebe85827d1f61073a40cc31b505c",
			"manage": "3"
		},
		"address": null
	}, {
		"id": 20,
		"userid": 12,
		"goodsid": 3,
		"sendTime": "2023-03-22 16:19:52",
		"price": 66.66,
		"state": "2",
		"updateTime": "2023-03-22 16:34:49",
		"addressid": null,
		"user": {
			"id": 12,
			"account": "mwy",
			"sex": "男",
			"nickname": "飒飒",
			"tel": "123456",
			"idcard": null,
			"password": "123456",
			"college": "网安院",
			"grade": "21",
			"roomnumb": "516",
			"icon": "https://gimg2.baidu.com/image_search/src=http%3A%2F%2Fsafe-img.xhscdn.com%2Fbw1%2F45f2ba77-5390-4b38-a828-1c0ec2c88314%3FimageView2%2F2%2Fw%2F1080%2Fformat%2Fjpg&refer=http%3A%2F%2Fsafe-img.xhscdn.com&app=2002&size=f9999,10000&q=a80&n=0&g=0n&fmt=auto?sec=1681732968&t=3076b08ef77b0acfab2779a5fa4abeb8"
		},
		"goods": {
			"name": "求购床桌",
			"type": "求购信息",
			"price": 66.66,
			"status": "99新",
			"dealtypy": "送货上门",
			"sendUser": 1,
			"contactWay": "电话:15393243535",
			"sendTime": "2022-10-02 13:47:25",
			"updateTime": "2022-10-04 16:34:25",
			"id": 3,
			"imgs": "https://img11.360buyimg.com/n1/jfs/t1/79043/27/17420/123219/6139689aE667b8269/37971b91f2079637.jpg",
			"describes": "特别新,学姐一手,学姐的鼻涕都在上面,喜欢从速了~~~",
			"icon": "https://img11.360buyimg.com/n1/jfs/t1/79043/27/17420/123219/6139689aE667b8269/37971b91f2079637.jpg",
			"manage": "3"
		},
		"address": null
	}],
	"map": {}
}
