{
  "homeInfo": {
    "title": "首页",
    "href": "../home/"
  },
  "logoInfo": {
    "title": "二手商品平台管理系统",
    "image": "../../img/logo.png",
    "href": ""
  },
  "menuInfo": [
    {
      "title": "校园二手交易平台管理系统",
      "icon": "fa fa-address-book",
      "href": "",
      "target": "_self",
      "child": [
        {
          "title": "首页",
          "href": "../home/",
          "icon": "fa fa-window-maximize",
          "target": "_self"
        },
		{
		  "title": "轮播图管理",
		  "href": "",
		  "icon": "fa fa-image",
		  "target": "_self",
		  "child": [
		    {
		      "title": "添加轮播图",
		      "href": "../bannerManage/add.html",
		      "icon": "fa fa-edit",
		      "target": "_self"
		    },
		    {
		      "title": "所有轮播图",
		      "href": "../bannerManage/",
		      "icon": "fa fa-server",
		      "target": "_self"
		    }
		  ]
		},
		{
		  "title": "通知公告管理",
		  "href": "",
		  "icon": "fa fa-pencil-square-o",
		  "target": "_self",
		  "child": [
		    {
		      "title": "发布公告通知",
		      "href": "../noticeManage/add.html",
		      "icon": "fa fa-edit",
		      "target": "_self"
		    },
		    {
		      "title": "所有公告通知",
		      "href": "../noticeManage/",
		      "icon": "fa fa-server",
		      "target": "_self"
		    }
		  ]
		},
		{
		  "title": "菜单管理",
		  "href": "",
		  "icon": "fa fa-shopping-cart",
		  "target": "_self",
		  "child": [
		    {
		      "title": "新增菜单项",
		      "href": "../menuManage/add.html",
		      "icon": "fa fa-cart-plus",
		      "target": "_self"
		    },
		    {
		      "title": "所有菜单信息",
		      "href": "../menuManage/",
		      "icon": "fa fa-bars",
		      "target": "_self"
		    }
		  ]
		},
		
		{
		  "title": "分类管理",
		  "href": "",
		  "icon": "fa fa-flag-o",
		  "target": "_self",
		  "child": [
		    {
		      "title": "新增分类",
		      "href": "../categoryManage/add.html",
		      "icon": "fa fa-edit",
		      "target": "_self"
		    },
		    {
		      "title": "所有分类栏目",
		      "href": "../categoryManage/",
		      "icon": "fa fa-bars",
		      "target": "_self"
		    },
			{
			  "title": "分类下商品管理",
			  "href": "../catechildManage/",
			  "icon": "fa fa-adjust",
			  "target": "_self"
			}
		  ]
		},
		
		{
		  "title": "用户管理",
		  "href": "",
		  "icon": "fa fa-user",
		  "target": "_self",
		  "child": [
		    {
		      "title": "添加用户",
		      "href": "../userManage/add.html",
		      "icon": "fa fa-user-plus",
		      "target": "_self"
		    },
		    {
		      "title": "所有用户信息",
		      "href": "../userManage/",
		      "icon": "fa fa-bars",
		      "target": "_self"
		    }
		  ]
		},
		
		{
		  "title": "商品管理",
		  "href": "",
		  "icon": "fa fa-desktop",
		  "target": "_self",
		  "child": [
		    {
		      "title": "所有商品管理",
		      "href": "../product/",
		      "icon": "fa fa-bars",
		      "target": "_self"
		    }
		  ]
		},
        {
          "title": "日常发帖管理",
          "href": "",
          "icon": "fa fa-calendar",
          "target": "_self",
          "child": [
			{
			  "title": "日常所有帖子管理",
			  "href": "../forumManage/",
			  "icon": "fa fa-navicon",
			  "target": "_self"
			}
          ]
        },
		{
		  "title": "订单管理",
		  "href": "",
		  "icon": "fa fa-server",
		  "target": "_self",
		  "child": [
		    {
		      "title": "订单信息",
		      "href": "../orders/",
		      "icon": "fa fa-navicon",
		      "target": "_self"
		    }
		  ]
		}

      ]
    }

  ]
}